Review Date,Source,Review Type,Product Name,Reviewer Name,Title,Company Size,Used Product For,Overall Quality,Ease of Use,Customer Support,Features/Functionality,Value for Money,Likelihood to Recommend,Review Title,Comments,Pros,Cons,Advice to Buyers,Reasons for Choosing,Reasons for Switching,Alternatives Considered,Switched From
08/07/2026,Capterra,text,ArcSite,Elizabeth W,Administrative Assistant,"Construction, 11-50 employees",Less than 12 months,5.0,5.0,5.0,5.0,4.0,10 out of 10,ArcSite = Awesome!,"Overall, ArcSite is an amazing tool that we use each and every day. It allows us to stand out from our competitors, and we are able to be fully transparent with every customer we send our proposals to. We really feel it gives us an edge up!",ArcSite is a great software to use. It is easy to learn compared to other software that does the same thing. Especially if they don't have a CAD background. It has professional looking drawings instead of hand drawn floor plans. It is great for us to describe to a customer where Pier Layouts would be or how the French Drain would run in accordance with the home.,"Biggest one, it is on the pricier side of things for smaller companies. I'm sure the larger companies that use this do not see it as a downside. Integrations are limited and don't always work properly when talking to a CRM. Having to pay for an ""Admin Seat"" vs. being able to allow someone who only needs to view estimates at no cost.",,,,"",""
07/17/2026,Capterra,text,ArcSite,Deanna W,Design Consultant,"Construction, 11-50 employees",Less than 2 years,5.0,5.0,5.0,5.0,5.0,10 out of 10,[sensitive content hidden] is a Rockstar!! ,"Fantastic! Thanks to [sensitive content hidden], everything has been so great for our company! He has helped so much and I can't thank him enough!","Arcsite is such a great program for designing yards for our landscaping company. It allows us to quote on the spot and close more deals. I have to mention [sensitive content hidden] in this review because he has been so amazing to work with and has taken the time to get us up and running and he is so patient and very knowledgable! If I could give him 10 stars; I would! [sensitive content hidden] , thank you so much for all your help and you are the BEST!",Really I can't think of anything! With [sensitive content hidden] help I was able to get Arcsite up and running very smoothly.,,,because arcsite is so much easier to use,"",DynaSCAPE
08/17/2025,Capterra,text,ArcSite,Butch B,Sales Consultant,"Building materials, 51-200 employees",Less than 6 months,4.0,4.0,3.0,4.0,3.0,7 out of 10,Floor plan layout,,Home layout is easy to draw and add windows and doors. Easy to change and relocate items within the floor plan.,Hard to size and rotate doors to create the hinging swing. Outswing to in swing. Some of the windows seem to disappear within the wall sections. Very hard to see.,,,,"",""
06/28/2025,Capterra,text,ArcSite,Fernando N,California Certified Asbestos Consultant,"Construction, 2-10 employees",Less than 6 months,5.0,5.0,5.0,5.0,5.0,10 out of 10,100% Recommend ArcSite!!!,"ArcSite has increase my clients satisfaction due my report floor plans having a professional layout and a quicker product delivery! Also during the trial, the ArcSite walked me through and answered all my questions promptly. 
I have introduced all my colleagues and our Business owners in my industry to 
ArcSite.","Very user friendly, Great build in features, however the Top Tear feature for me is the scanning feature!",I been using ArcSite software for over 3 weeks now and to be completely honest there are truly no cons.,,Scanning feature really makes my business life easier,,FloorPlan,""
01/23/2025,Capterra,text,ArcSite,Nicole A,Landscape Designer,"Design, 1 employee",Less than 2 years,5.0,5.0,5.0,5.0,5.0,7 out of 10,Early adopter,I was an early adopter and went through many phases of ArcSite but I still really like it and contribute to use because CAD is too expensive.,I like that I can go and use my iPad wherever I am to design.,They keep changing their interface. You can’t change your email address associated with the account once signed up.,,Cost is within my budget because Cad is all online now and costly.,,CAD Pro,""
01/16/2025,Capterra,text,ArcSite,Joshua W,Design specialist,"Construction, 51-200 employees",Less than 2 years,5.0,5.0,5.0,5.0,5.0,10 out of 10,Design specialist review,It’s made my job very easy and again makes me look super professional for customer,This is my first time using this type of software. I’m a design specialist and my job entails me drawing full footprint for homes and concrete in order to bid jobs and the software has made it very simple and easy to complete my job while looking very professional for customers.,"My only con would be that there is a lot to learn and know, but that’s gonna be the same with any type of software.",,,,"",""
01/16/2025,Capterra,text,ArcSite,Peter C,Estimator,"Construction, 11-50 employees",Less than 2 years,5.0,5.0,5.0,5.0,5.0,10 out of 10,Very happy with the ArcSite program,"I have used many other drafting programs in the past including AutoCad and I find ArcSite to be very easy to use to create quick, professional drawings.","I really like the intuitive way this program draws and adds features, very easy to drop in items and integrate into the drawings. Exporting to PDF is easy as it should be.","Price for all the features is a bit much for personal use, but for a business it's definitely worth it.",,,,"",""
01/14/2025,Capterra,text,ArcSite,Aaron M,Manager,"Construction, 51-200 employees",Less than 2 years,5.0,5.0,5.0,4.0,5.0,8 out of 10,Always improving,It’s been great and love that the program keeps getting better,How easy it is to navigate and use it for what we need done,There is no way to do retail sales through the app.,,,ArcSite was a much better product than fence cloud,"",CFS System
01/14/2025,Capterra,text,ArcSite,Thad L,Sales Manager,"Construction, 51-200 employees",Less than 12 months,5.0,5.0,5.0,5.0,5.0,10 out of 10,Great CAD and design tool for presentation and implementation!,I am overall very pleased with ArcSite and couldn’t imagine my job without it.  It provides a very professional look for estimates and is very accurate for design and implementation.,Doesn’t take long to learn the basic features and with a little effort and the help options it is fairly easy to use the more advanced features as well.,Until you learn where you need to start drawing your design when you enter in certain size changes it can auto modify connecting sections.,,,,"",""
01/14/2025,Capterra,text,ArcSite,Tanner M,Sales Manager,"Construction, 51-200 employees",Less than 12 months,5.0,5.0,5.0,5.0,5.0,10 out of 10,Amazing CAD software ,"Extremely Satisfied, and easy to use.Arc Site makes it possible to walk the customer through the whole process of the sale","Easy to use, multiple options to show home owners","Honestly nothing, it is a great software",,,,"",""
01/14/2025,Capterra,text,ArcSite,Gavin G,CFI,"Construction, 51-200 employees",Less than 2 years,5.0,5.0,4.0,4.0,5.0,9 out of 10,Up-and-coming,"After playing with it long enough and getting used to all the options and tools, not bad",The ability to edit or add elevation numbers,Different kind of utilities add-ons that we can add to the drawing that would be around homes and or commercial buildings like pool pump,,,companywide transition with Groundwork’s,"",Slack
01/13/2025,Capterra,text,ArcSite,Dyllan a,Carpenter,"Construction, 1 employee",Less than 6 months,5.0,5.0,5.0,5.0,5.0,3 out of 10,Highly recommend ,Only had the chance to use it for floor plans so overall a Good app for drawing floor plans,Very user friendly. Accurate and easy to use for first time users,Nothing I can think of I not used for floor plans and had no issues,,,,"",""
01/13/2025,Capterra,text,ArcSite,Codi M,Certified field inspector,"Construction, 51-200 employees",Less than 12 months,5.0,3.0,5.0,4.0,5.0,10 out of 10,Archsite is the best,Good. The use is almost unlimited if you know all of the functionality,It’s precision and abilities for in home discussions.,We need more video tutorials specifically for the use in Foundation repair services.,,,"Company made it mandatory. 
I really liked how simple it was","",Floor Plan Creator
01/13/2025,Capterra,text,ArcSite,GREG T,Project manager,"Construction, 2-10 employees",More than 2 years,5.0,5.0,4.0,4.0,4.0,9 out of 10,Project Manager ,Easy to use and pretty reliable. Would like to have customers sign through email easier!,Easy to use and very few technical issues!,"Some technical issues with self made objects,  but overall good experience. Doest work offline sometimes.",,,,"",""
01/13/2025,Capterra,text,ArcSite,Anthony S,CFI,"Construction, 1001-5000 employees",Less than 12 months,5.0,5.0,5.0,5.0,5.0,10 out of 10,CFI experience ,Great results presenting inspection results to clients,Ease of use and details allow for great educational material for clients,Time it takes to complete but with repetition it gets faster,,,,"",""
01/13/2025,Capterra,text,ArcSite,Paul H,General Manager,"Construction, 51-200 employees",More than 2 years,5.0,5.0,5.0,5.0,5.0,10 out of 10,General Manager of Little Rock,"I have been using ArcSite for over 5 years now and have grown to appreciate all that the program has to offer. A small learning curve, as with any product, but once you use it enough, it becomes second nature and makes you look very good to the homeowner.",Ease of use and the support ArcSite provides once you run into any issues. They are extremely supportive and willing to accommodate your specific needs.,"Requires connectivity to the internet to produce the proposal, but there is no way around that issue. Just some places tend to be harder to connect and upload than it should be.",,,Cost and lack of support. CAD was great to use but they wanted way too much money for their support.,"",AutoCAD
01/13/2025,Capterra,text,ArcSite,Bob S,Business owner,"Construction, 2-10 employees",Less than 2 years,5.0,5.0,5.0,4.0,5.0,3 out of 10,Sparkys best mate,"Extremely good, very easy to do a quick line diagram and send to customer with pictures","Very easy to learn , great tools for creating jobs","Needs more basic graphics for basic line diagrams for electrical trade, has great electronics but not electrical",,,,"",""
01/12/2025,Capterra,text,ArcSite,Lee B,Owner,"Construction, 2-10 employees",More than 2 years,5.0,5.0,5.0,5.0,5.0,10 out of 10,Easy to use,I use ArcSite all of the time to draw plans for building decks to additions and it’s really easy to use,I love the ease of drawing plans for jobs,It would be nice if there were more details that were included,,,,"",""
01/12/2025,Capterra,text,ArcSite,Barry C,Glaizer,"Glass ceramics and concrete, 11-50 employees",Less than 2 years,5.0,5.0,5.0,5.0,5.0,10 out of 10,Highly recommend great product. ,Great experience with ArcSite. I have never had any issues,"Easy to use, perfect for what i need it for.",I have no complaints. it has been great for what I use it for.,,,,"",""
01/12/2025,Capterra,text,ArcSite,Bruce C,Field Inspector,"Construction, 1001-5000 employees",Less than 2 years,4.0,4.0,3.0,4.0,5.0,8 out of 10,ArcSite Utilization ,Very good.  I pick up something new weekly.,Quick to learn.  Love the duplicate project and layers.,"Calibration tool should only recalibrate the current project.  
Would like more tutorials on controlling the size of fonts and fillable spaces.",,,Company provides the software.  Switch was made for uniformity.,"",SmartDraw
01/11/2025,Capterra,text,ArcSite,David Y,Owner,"Construction, 11-50 employees",More than 2 years,5.0,5.0,5.0,5.0,5.0,10 out of 10,Review of ArcSite,Fantastic to use the product.  Customer service is responsive and knowledgeable.,Super easy to use.  We can do anything with it.  Easily customized but not complicated to do so.  Support team is really the best.,Can't really think of anything we don't like.,,,,"",""
01/10/2025,Capterra,text,ArcSite,Kris B,Certified Field Inspector,"Construction, 5001-10000 employees",Less than 12 months,4.0,4.0,4.0,5.0,5.0,8 out of 10,Overall a good product for those not versed in CAD.,I have been very pleased with the performance of ArcSite and look forward to getting even more proficient with it as time allows.,"It is mostly intuitive.  Coming from a non-CAD background, I was able to pick up ArcSite fairly quickly and even though I’m still learning, I am finding the learning curve to be very short and still be able to produce a quality product.","There are a few features, like importing a design from a colleague or from another source that is less simple and some designing features are a little tougher to negotiate.",,,,"",""
01/10/2025,Capterra,text,ArcSite,Derek D,Owner,"Construction, 2-10 employees",More than 2 years,5.0,5.0,5.0,5.0,5.0,10 out of 10,Love ArcSite - demo video ,Overall experience had been great. I use it for almost ever project I work on. I also have a demonstration video of ArcSite on my YouTube channel Dullen Woodworking,Everything about the app makes sense. At first it can be a little confusing but if you start playing around it’s super easy to get the hang of.,Once in awhile there’s some weird things like sometimes locking 2 walls together in a corner they won’t flawlessly bond even tho they’re the same thickness and on the same layer.,,,,"",""
01/10/2025,Capterra,text,ArcSite,Simon W,Sales Manager,"Sporting goods, 51-200 employees",Less than 12 months,5.0,4.0,5.0,5.0,5.0,9 out of 10,Part time user but I love the results,Really enjoy it and recommend to anyone that needs to draw buildings or spaces as part of their job.,"Makes drawing buildings/room spaces quick and easy once you learn how to use it.
Some great tools that are readily available
Pre-created assets ready to just drop in on plans and make the space come to life",Having never used such software before it took my while to get used to it.  As with most things if you then do not use it for some time you can forget aspects of how it works again.,,,,"",""
01/10/2025,Capterra,text,ArcSite,Abdulkadir O,Head Designer,"Construction, 2-10 employees",More than 2 years,5.0,5.0,5.0,5.0,5.0,10 out of 10,Almost perfect,All over my experience is good. The day I started to use it and today of course there are a lot of upgrades which is good but can be improved maybe on the shapes.,Easy to use and nice interface. And real dimensions works very well,"Sometimes there are bugs like app crashes while using it, which I hate it.",,,,"",""
01/10/2025,Capterra,text,ArcSite,Lawrence F,Estimator Surveyor,"Information technology and services, 1001-5000 employees",More than 2 years,5.0,5.0,5.0,4.0,5.0,10 out of 10,Floor Plan Diagrams detailed mark ups. ,My over all experience is great! I like the ArcSite Link...!,It's easy to use. especially when I have to attach my Floor Plans.,Adding some of the hardware devices at times.,,,,"",""
01/10/2025,Capterra,text,ArcSite,Mike B,Sales consultant,"Consumer services, 51-200 employees",Less than 2 years,5.0,5.0,5.0,5.0,0.0,3 out of 10,Easy to use and professional quality,"Overall, great product and easy to use. Makes everything you do professional and it is very customizable!","Very simple to use, it makes creating our drawings simple and professional.",Sometimes it crashes but you don’t lose everything due to auto saves to the cloud.,,,,"",""
01/10/2025,Capterra,text,ArcSite,Matt N,Certified Structural Technician,"Construction, 51-200 employees",Less than 2 years,5.0,4.0,3.0,4.0,3.0,8 out of 10,Ease of Use,,The functionality with our customer interaction software.,"Changes made without advance notice, would be helpful to have previous communication.",,,,"",""
01/09/2025,Capterra,text,ArcSite,Rory C,CST,"Construction, 51-200 employees",Less than 2 years,5.0,5.0,5.0,5.0,5.0,10 out of 10,Amazing and wonderful ,Awesome. Customer share amazed by it   Makes selling easy.,Everything it’s awesome and amazing. Love it.,Nothing  no complaints at all.  Great software,,,,"",""
01/09/2025,Capterra,text,ArcSite,Scott W,Estimator,"Construction, 51-200 employees",Less than 2 years,5.0,5.0,5.0,4.0,4.0,10 out of 10,Draw professionally with your finger. ,"I have been using this program for many years, and it makes my job easier.","I can draw anything with my finger. Shapes, walls, and import drawings and trace.",Missing 3rd axis and Lidar. Saved signature in the app instead of in the cloud or be able to download signed agreement to mobile app with just a click.,,,,"",""
01/09/2025,Capterra,text,ArcSite,Jonathan F,Certified Field Inspector,"Construction, 5001-10000 employees",Less than 12 months,5.0,5.0,5.0,5.0,5.0,10 out of 10,Easy to Use and Easy to Read!,Easy to use and very readable for the customer.,Easy to use on my side and very easy to understand for the customer. The layering really gives me room to quickly show differences.,Sometimes you have to zoom in in order to place something.,,,,"",""
01/09/2025,Capterra,text,ArcSite,Joebob C,Operations Lead,"Architecture and planning, 11-50 employees",More than 2 years,5.0,5.0,5.0,5.0,5.0,10 out of 10,ArcSite Will Not Let You Down,"We have been using ArcSite for years now, and I have the utmost respect for the company, they truly want to help the customer/user be successful. Not to mention our representative at ArcSite makes us a priority and is extremely customer service oriented.","The application and the web version are both user friendly, but what is better, is they are constantly trying to improve the QOL experience for our company, so that we get the most out of our usage.","Not a con, but what I hope happens in a future update is to have additional reporting tools, especially on the web version for admins.",,,,"",""
01/09/2025,Capterra,text,ArcSite,Ben B,CEO,"Architecture and planning, 2-10 employees",More than 2 years,5.0,5.0,5.0,5.0,5.0,10 out of 10,ArcSite review ,"I'm using ArcSite for 5 years. It's enough for what I need. the support team is exceptional. Every time I had a problem that solved it for me quickly, and therefore, I never thought about changing to a different program.","Simple to use, in every other program, it will take me a year to muster which in this program, I learned pretty fast and now I'm doing almost all my project with this program",The search bar is not working properly. You have to search inside the project folder.,,,,"",""
01/09/2025,Capterra,text,ArcSite,Seth K,President,"Construction, 2-10 employees",Less than 12 months,5.0,5.0,5.0,3.0,4.0,10 out of 10,Lifetime basement ,I like it. It has given me more success.,User friendly once you learn. sell more jobs looking more professional!,Don’t like there is no way to send receipts or invoice type documents. For instance if I’m paid by paper check I have to use a different platform to send receipts. Or invoices.,,,,"",""
01/09/2025,Capterra,text,ArcSite,Nick A,Owner,"Construction, 2-10 employees",Less than 2 years,4.0,5.0,5.0,3.0,3.0,5 out of 10,Review of arcsite,Pretty good for what I use it for which is takeoffs,Excellent for takeoffs and on spot estimating,Lacks integration with crms proposals are lacking its sales board doesn’t work,,,,"",""
01/09/2025,Capterra,text,ArcSite,JASON C,CFI,"Construction, 1001-5000 employees",Less than 12 months,5.0,5.0,5.0,5.0,5.0,3 out of 10,Best design program ,"Excellent experience, no complaints ever.",Super easy to use and user friendly. Anyone can use.,"Nothing, everything is user friendly! Would recommend",,,,"",""
01/09/2025,Capterra,text,ArcSite,Kyle W,CFI,"Construction, 51-200 employees",Less than 6 months,4.0,4.0,3.0,4.0,4.0,10 out of 10,Thank you. Work in progress for user. ,Great experience. I am still learning functions daily but great overall.,Easy to learn and great options. Layers help a great deal.,Can seem complex when first learning. The pencil I use sometimes causes issues with screen,,,,"",""
01/09/2025,Capterra,text,ArcSite,Shannon M,Certified Field Inspector,"Construction, 5001-10000 employees",Less than 2 years,5.0,5.0,5.0,4.0,5.0,10 out of 10,Very Well worth the investment,"Works well for on the job usage, and great with customers","Very intuitive, works great with iPad and pencil.","No real pain points, just learning all the feature",,,More intuitive with the IPad and Apple Pencil,"",SmartDraw
01/09/2025,Capterra,text,ArcSite,shay o,Processor,"Construction, 51-200 employees",Less than 6 months,5.0,5.0,5.0,5.0,5.0,10 out of 10,Great experience,been great so far. I have enjoyed training others. Was easier than expected for the older crowd,"-easy to train
-well labeled
-not very many unnecessary features
-clean design and layout
-very few crashes if any","-Newer ipads run it much better
-a few pop up font sizes should be larger
-bolder 'back' 'undo' or 'confirm' options",,,,"",""
04/07/2021,Capterra,text,ArcSite,Haydn O,Web Developer,"Consumer services, 11-50 employees",Less than 2 years,5.0,5.0,5.0,5.0,5.0,10 out of 10,Professional Custom Bids!,"ArcSite has given us the ability to create beautiful, quality, custom bids for the work we do on our customers home that is unparalleled. The amount of professionalism detail in our bids has increased our closing rate. We love arcsite!","ArcSite is very easy to use. We had our inspectors trained on how to use it within one day. The different features and the ease of creating custom, quality, and highly detailed graphs to match our customers home have been amazing. ","All in all we have no real complaints. ArcSite gives us the ability to do just about everything we need to. The only improvement that we would love is to have each project automatically upload to the cloud vs having to send it there yourself, but that is being nitpicky. ",,Within minutes of testing out ArcSite we new we had found exactly what we needed and more. ,,"",""
03/30/2021,Capterra,text,ArcSite,Lisa P,Owner,"Construction, 2-10 employees",More than 2 years,4.0,4.0,4.0,4.0,5.0,9 out of 10,Arcsite pros and cons,"overall I like this program, the mobility aspect is very needed in my business and it creates a professional look for us to be able to send professional shop drawings to clients, as well as, auto cad compatible drawings for commercial projects and the drawings can be done up in just minutes in some cases","My favourite thing about this software is that you can use it on your I-pad- a lot of times I am using this software to do up a ""shop drawing"" right on site or pull up the drawing in the shop so the fact that I can be mobile is very important in my business. The app itself is fairly simple to use for the average person and great to be able to do up a drawing in auto cad so simply.","I don't like that; if you have a closed shape (square, hexagon, rectangle, etc) and you modify one side- it can change multiple other lines or every line, so you have to be very careful to double check each line after changing one. I also dont like the ""angles"" portion- it is very difficult to put in a drawing with a rounded ended object- you have to re-draw multiple times to get it right. Also for particular angles- it can be tricky to get 2 identical, opposite angles ",,I tried out multiple products at the same time and this one was by far my favourite. Some of the other programs were very hard to work and the auto cad version did not open up when sent to our clients (who had proper auto cad computer set up). Most versions were not compatible with I-pad and the archaic way you had to be stuck at a stationary computer didn't work at all for my business so ArcSite was an obvious winner,,DWG FastView Plus,""
01/28/2021,Capterra,text,ArcSite,Markus C,Manager,"Architecture and planning, 2-10 employees",More than 2 years,5.0,4.0,5.0,4.0,0.0,7 out of 10,User experience of arcsite,Good experience for changing to paperless and can file all draft drawing in computer for easy review.,I like most is to take photos as annotation in the drawing so that I can easily relate the photos to the photo location.,"1) Not all photos in arcsite can be found in ipad Photo app.
2) No slide bar for scale up and scale up the drawing. I wear gloves so that I need to remove the glove when I need to change the drawing scale. ",,,,"",""
11/12/2020,Capterra,text,ArcSite,Dame O,Manager,"Environmental services, 51-200 employees",Less than 12 months,5.0,5.0,5.0,5.0,5.0,10 out of 10,Review,"Great app. The best option in my opinion if you work in environmental, construction or engineering work.

Thumbs up",I love how easy it is to make a simple floor plan. Also the ability to display exact measurements and dimensions. Super helpful when needing something on the spot when talking with clients or coming up with a project scope.,"No dislikes at the moment. Any problems I have, the support team has been very responsive.",,,,"",""
10/19/2020,Capterra,text,ArcSite,Brian G,Owner,"Construction, 1 employee",Less than 12 months,5.0,5.0,5.0,5.0,5.0,10 out of 10,Best thing since sliced bread,"I was a hard sell to select this software.  We spoke on the phone several times before I signed up.  After I signed up I spoke to the support team several times to get ArcSite dialed in for my use.  It has been fun to seen many of my requests and recommendations being implemented.  

ArcSite has been amazing.  I have not only used it for my consulting business, but also to design a set for Frozen Jr., designed a display platform for the Lego Hogwarts castle, and am currently creating a detailed map of a friends property.","1, Ease and speed of functionality. I instantly reduced my work time on a job site from 90 minutes to 15 minutes.
2, Ever increasing functionality.  In the last 9 months the improvements, small and large, have been numerous and practical.
3, Adaptability.  My usage is for an area ArcSite never anticipated.  This has not created any issues, In fact it has allowed me to create a distinct, practical and fun platform.","The only ""complaint"" I have is the inability to create a custom line type beyond the established solid and dashed lines.",,,,"",""
10/12/2020,Capterra,text,ArcSite,Jerrica G,Planner,"Architecture and planning, 2-10 employees",Less than 12 months,4.0,4.0,4.0,2.0,2.0,5 out of 10,Quick to Pickup ,"While I would recommend ArcSite for someone in construction to try, I don't know if it is the best tool for planners and I'm not sure if I would renew my subscription. The customer service I have experienced has been great and the software works great on my tablet with no crashes, so definitely check it out if you're interested.  ","I've primarily been using ArcSite for parcel site plans and some smaller personal projects. I don't believe I am using it for what it was primarily designed for, but it has been a useful visual tool for a few cases that saved time compared to drawing by hand. ",I don't like how the layer feature is part of the upgraded package. I feel like the software would be much easier to use with it available and I would be able to justify the price tag better. ,,,,"",""
10/06/2020,Capterra,text,ArcSite,Shane S,teacher,"Performing arts, 501-1000 employees",Less than 2 years,5.0,5.0,5.0,5.0,3.0,8 out of 10,great iPad drawing app,Awesome app with great support,very easy to create simple shapes and templates,It was too expensive and i couldn't get my employer to pay the subscription,,,,"",""
10/06/2020,Capterra,text,ArcSite,Davit M,Architectural Designer,"Architecture and planning, 2-10 employees",Less than 12 months,4.0,4.0,0.0,4.0,0.0,8 out of 10,Window and door detailed properties,Please read the Cons section for the idea that would definitely improve the experience with the software.,The best part is to export it to DWG and have everything in high quality.,"Can't give any properties to the window and door sizes besides the width. It would be nice to have a window pop up after the placement of the door or window to put in the width, height, and sill height. And after it is done to show near the window or the door",,,,"",""
10/05/2020,Capterra,text,ArcSite,hans k,Designer,"Architecture and planning, 2-10 employees",Less than 12 months,5.0,5.0,5.0,5.0,5.0,10 out of 10,Easy to Scale Blueprints,,"Finally, an easy way to sketch to scale on existing CAD drawings on my iPad ",I wish there were additional free sketch tools...additional brushes,,,,"",""
10/05/2020,Capterra,text,ArcSite,Bradford A,President,"Architecture and planning, 1 employee",Less than 6 months,4.0,4.0,5.0,4.0,3.0,9 out of 10,ArcSite is one of the best iPad drafting packages available,"ArcSite has been a wonderful tool for me while performing site visits dealing with renovations and in doing structural evaluations that require a lot of photo documentation.  It has become one of my primary note taking tools while in the field and with a few improvements, it has the potential to become the only note taking tool I would need.","The ability to take a picture, comment on the picture, place it on the drawing at the location, and then generate an indexed photo contact sheet linked to the floor plan drawing sold me on the utility of this for doing structural evaluation reports.  This has saved me a lot of time back in the office when compiling reports.  The drawing functions are also some of the best implemented of any iPad app I've used and has allowed to actually prepare a usable CAD file in the field.","The drawing of items itself can be a little finicky, especially when you are just starting out.  Sometimes when you adjust a dimension of a wall, it does not behave as expected.  You have to pay attention to the dimensions around the wall in question to make sure they don't change in an unexpected way.  Also, placing predefined blocks in the drawing can be challenging if you need them to snap to a specific point.  It's also a little pricey (equal to an AutoCAD LT subscription), but if you do a lot of field work, it does pay for itself.  ",,"There really wasn't a good alternative to ArcSite.  I had evaluated many drafting programs for iPad over the years and in my opinion, nothing came close to matching ArcSite in features or ease of use.","The Magic Plan interface was not as easy to use.  Additionally, their pricing model changed with no warning, locking me out of projects that I had completed unless I upgraded my plan. ","",""
10/05/2020,Capterra,text,ArcSite,Kenny D,President,"Construction, 51-200 employees",Less than 2 years,4.0,5.0,5.0,4.0,5.0,10 out of 10,Great app for our use,,"Very easy to learn and customize for different industries.  Drawing up and laying out foundation repair plans is quick and easy now. We can do it onsite in real time and our managers can actually review and approve repair plans remotely while our estimators are at site locations.  

Arcsite has dramatically increased our accuracy on estimating projects.   Being able to review proposals while estimators are onsite has reduced our repeat visits to provide estimates.  This has definitely saved money and increased efficiency for us. ",It would be nice to have direct access to the data in the database fields to creat custom reports.  The app is getting better and this may hopefully be available in the future. ,,,Other product was limited on customizing for our specific needs. ,"",""
10/05/2020,Capterra,text,ArcSite,Dennis P,Owner,"Architecture and planning, 1 employee",More than 2 years,4.0,4.0,5.0,4.0,4.0,4 out of 10,Hobbyist review,My budget for design software is small and mainly for hobby use so if for instance Fusion 360 was available for iPad I would cancel all other software. ,Ease of doing simple sketches.  Ability to do sketching in unique ways.,Lack of features for more complicated drawings.  I like to do designs on my iPad but am getting into 3D more so I have to use other programs.  ,,Easy of use. ,,"",""
10/02/2020,Capterra,text,ArcSite,Chris R,Owner,"Construction, 2-10 employees",Less than 2 years,4.0,3.0,5.0,3.0,4.0,8 out of 10,ArcSite for basic drawing,It makes converting rough sketches into presentable drawings much faster.,"Bluetooth connection to Leica measuring devices, auto cut when inserting features or adding walls, mobile and easy to set up.","No desktop version, limited export options, inconsistent and limited dimensioning, and not easy to get area measurements. Higher levels are a bit expensive.",,,Much cheaper for drawings.,"",""
10/02/2020,Capterra,text,ArcSite,Michael H,Field technician/sales,"Construction, 2-10 employees",Less than 6 months,5.0,5.0,5.0,5.0,5.0,10 out of 10,Ease of use,I’m very happy with it,I like that if I make a mistake on the pier plan it is easy to delete vs hand writing my bids,It works well for my application. I can’t think of any ,,,,"",""
10/01/2020,Capterra,text,ArcSite,Bart T,Consulting Engineer,"Utilities, 5001-10000 employees",Less than 2 years,4.0,4.0,4.0,3.0,4.0,8 out of 10,ArcSite Use for Natural Gas Pipeline Industry,It provides a lot of value for making markups and drawing changes on the fly.,"It's fairly easy to use for simple drawings, being able to scale pdf drawings for taking measurements and making markups is very useful","The snaps can be cumbersome at times, especially when trying to snap to midpoints.  It also tends to lag pretty badly when drawings become complex.  It is also very difficult to draw an accurate ellipse, which is something I really need to be able to do.",,,,"",""
10/01/2020,Capterra,text,ArcSite,Innis H,Carpenter,"Construction, 2-10 employees",More than 2 years,5.0,5.0,5.0,4.0,5.0,10 out of 10,Simple but effective ,,The ease to sketch plans to communicate my design ideas with architects and engineers in my industry. ,Occasionally the software will assume something and change what I have drawn when I don’t want it to. ,,,,"",""
10/01/2020,Capterra,text,ArcSite,Ron G,Designer,"Commercial real estate, 2-10 employees",Less than 6 months,5.0,5.0,0.0,4.0,5.0,8 out of 10,Easy to use basic cad package,Ideal package for producing basic proposals.,Simple and accurate. Good range of features. Easy to export drawings.,I haven't found any particular difficulties.,,,,"",""
10/01/2020,Capterra,text,ArcSite,Matthew F,Appraiser,"Real estate, 2-10 employees",Less than 6 months,5.0,5.0,5.0,5.0,3.0,7 out of 10,Excellent drawing software for floorplans and building sketches.,"I enjoyed using the software, and I would love to continue using it. However, the costs were a hurdle that made it hard to justify compared to other sketching software. ",I really enjoyed using this software on the iPad and drawing building sketches in the field. The ability to change dimensions and have the software automatically adjust other walls at the same time was great.  The software was intuitive and easy to use. ,"To be honest, the things I didn't like at first were addressed in updates after I sent feedback to support. The cost of the software for what I use it for is still a big hurdle. It is pricey. I don't know if there is an option for an appraiser level package, but I would consider a hybrid package that offers the basic basic package plus a couple of extras for like $15 (annual billing level). I would like the ability to sketch on pdf and would need to access the drawings from my pc. I don't need everything that the Draw+ package offers, but I need a few more options than what is offered in the basic package. The jump from the basic to the plus package makes it infeasible for my firm to consider.  Currently, we use Apex Sketch for our work, and it is a stand alone license that makes the cost much more feasible.  ",,I liked the interface and the ability to use the software in the field on our iPad. The cost of the software made it infeasible compared to other products.,Intuitive interface and usability.,"",""
10/01/2020,Capterra,text,ArcSite,Megan B,Landscape Designer,"Architecture and planning, 11-50 employees",Less than 12 months,5.0,5.0,5.0,5.0,5.0,9 out of 10,Great!,Great software! Will be eager to continue to use it and be more productive while on-site.,I like how easy it is to use and implement into our CAD software. I need to use it more often than I do. We have it on an iPad and sometimes that hinders abilities depending on what stylus I have handy. I do like the time it can save being able to complete base plans or designs right on-site. We use it for landscaping designs.,"There isn't anything I can think of, at this time.",,,,"",""
10/01/2020,Capterra,text,ArcSite,Heather S,Production Associate,"Religious institutions, 11-50 employees",Less than 12 months,5.0,5.0,0.0,5.0,5.0,8 out of 10,Great product,,I love that I can use ArcSite for so many different projects. I have used it not only to make building floor plans but also to make block diagrams fordifferent room setups for the conferenc center. ,I have yet to find something I don't like. ,,,,"",""
10/01/2020,Capterra,text,ArcSite,Kate E,Designer,"Design, 1 employee",Less than 12 months,4.0,2.0,0.0,3.0,0.0,2 out of 10,Computer Drafting  Online Software,,Allows me to draft the basics of a room quickly,"I couldn't master more than the basics. Layering, adding furniture by dimension, and anything more detailed was difficult.",,,,"",""
09/29/2020,Capterra,text,ArcSite,Sid K,Estimator ,"Construction, 11-50 employees",Less than 6 months,4.0,3.0,5.0,4.0,4.0,9 out of 10,Love this Program ,Very pleased with program ,Support by  ArcSite staff inserting up program and making changes to fit my particular needs ,Fine details are hard to draw with the program ,,N/A,Save time and look professional ,"",""
09/29/2020,Capterra,text,ArcSite,Elena K,Managing Director,"Machinery, 51-200 employees",Less than 2 years,5.0,5.0,5.0,5.0,5.0,10 out of 10,Excellent product,,"Easy to use,  great service at all times.","nothing really, it is a very promising product",,,,"",""
09/29/2020,Capterra,text,ArcSite,Mika L,Owner,"Real estate, 2-10 employees",Less than 12 months,5.0,5.0,5.0,5.0,4.0,10 out of 10,Arcsite in daily use.,,It is very easy to use. I can make very fast plans. It is also very easy change pans and make new versions. ,"Some times I think, that it could be nice if I can make 3d.",,,,"",""
09/28/2020,Capterra,text,ArcSite,jacob h,Operations Manager,"Construction, 11-50 employees",Less than 6 months,5.0,5.0,5.0,5.0,3.0,8 out of 10,Best Construction Based Drawing Tool Available,I love it and would recommend ,I really like that i can measure in real time and create drawings based on those dimensions. Being able to draw this in real time helps me when i am talking with customers regarding projects and what we can accomplish,"It would be nice to incorporate a title block more simply, it can work now with some guidance. ",,,,"",""
09/28/2020,Capterra,text,ArcSite,glen g,CEO,"Commercial real estate, 51-200 employees",Less than 2 years,5.0,5.0,5.0,5.0,5.0,10 out of 10,Fantastic Tool,"Its easy to use in the field, we primarily use it to set up bids, and to clean up hand drawings at the site","Quick and easy to master, great customer support","Nothing not to like, its a great alternative to other CAD software",,"easier to use, and much more user friendly for non CAD users",,"",""
09/28/2020,Capterra,text,ArcSite,Rene L,President,"Construction, 11-50 employees",Less than 6 months,4.0,4.0,0.0,4.0,2.0,5 out of 10,Great Drawing Software,"The company has been responsive to my issue, but until now, I do not think they have made any policy changes.  The annual dues are simply too expensive for our company to justify renewing a second year.  Therefore, we are not investing in training more people on it.",I was looking for a simple architectural drawing package to develop scaled plans to use in explaining new concepts to both clients and suppliers.  This is an excellent tool with a very quick learning curve.  It also offers numerous short videos to accelerate that learning curve.,"The issue that bothered me the most is its mandatory bidding features.  We have no need for them.  While I respect that many users do appreciate these, since it is not anything that we have any need for, I wish they offered a version of the app with only the drawing modules at a lesser cost.",,The ease of learning how to develop simple scaled drawings was most compelling.,,"",""
09/28/2020,Capterra,text,ArcSite,hardel e,interior designer,"Architecture and planning, 1 employee",Less than 12 months,5.0,5.0,0.0,3.0,3.0,7 out of 10,eddy hardel point of view on Arcsite,"it's a good product, very simple for take measures on worksite, perfect for begin layout... or transfer to Cad application... there is a lot advantage directly inside it.","parametric design in the library, functional and easy to use, good looking interface","telemeter laser are not simply to use with it.. and polygonal lines are not easy to use, there is a problem when you point to longer on the screen, the line change to a curve.... you have to cancelled it for continue..",,,"as always, autocad doesn't care about user, during my license year, they change the way to draw and taking measures, finally the app was unusable .... I send an email for checking it, the answered me they are changing something on the app and can't say me when I get back with the normal an usable app... unbelievable?? I bought an iPad Pro only for that, and I'm so happy to find your app.","",AutoCAD
09/28/2020,Capterra,text,ArcSite,Andrew S,Director new business development,"Construction, 51-200 employees",Less than 12 months,5.0,4.0,4.0,4.0,3.0,5 out of 10,Arksite as an estimating tool,Easy for the sales rep to put a price together and quote,Drawing feature linked to price makes it easy for a sales rep to estimate on site,would like to integrace product cost and labour cost to calculate pricing.  ,,,Needed a  system that also provided a sketch ,"",""
09/28/2020,Capterra,text,ArcSite,Gregory B,owner,"Construction, 2-10 employees",Less than 12 months,4.0,4.0,5.0,4.0,5.0,7 out of 10,my review ,its been a good sales tool ,ability to import pdf or photos and design from existing template ,depends on cellular or wi-fi connection to use. Can be stand along ,,,,"",""
09/28/2020,Capterra,text,ArcSite,jason g,consultant,"Civil engineering, 51-200 employees",Less than 6 months,4.0,4.0,5.0,4.0,5.0,8 out of 10,"Software is great, easy to use and perfect for onsite drawing of floor plans, etc.  ",I have really enjoyed using the software. I have completely replaced my hand drawings and notes with Arcsite and it had been great.  ,"Easy to use in field.  Simple and auto insertion of doors, windows, etc.  Easy to change properties.  ","I would like to see more blocks, and most of the time the blocks that come with software are not to the right scale.  No way to close polylines and hatch does not recognize closed polyline that are draw.   I have to alter text size quite often even on similarly sized drawings.    ",,Arcsite way outperformed any other software that i tried with functions and ease of use.,,"",""
09/28/2020,Capterra,text,ArcSite,Jeff D,Facilities Mgr,"Facilities services, 2-10 employees",Less than 2 years,5.0,5.0,5.0,5.0,5.0,8 out of 10,ArcSite Review,,Ease of use and being able to drawing in the field on my ipad,"N/A for how I use the software, again I use the software to sketch drawings in the field to sent to contractors.",,Ease of use on an iPad in the field.,,AutoCAD,""
09/28/2020,Capterra,text,ArcSite,Lisa S,Technology Integration Specialist,"Education management, 51-200 employees",Less than 6 months,5.0,5.0,5.0,4.0,5.0,9 out of 10,Great Company to Work With,"Overall, the company has been nothing but helpful and the experience has been positive.  We love the value it adds by having it installed on our iPads. ",ArcSite is working seamlessly on our iPads and the company was great to provide training immediately after our purchase!,"Would be nice to have a little more administrative tools to be able to set up ""organizational units"" for our different sites.",,"Price, ease of use, recommendations of the people who will be using it in our organization.",,"",""
09/28/2020,Capterra,text,ArcSite,Alexis G,Measurer,"Real estate, 2-10 employees",Less than 2 years,5.0,5.0,5.0,4.0,5.0,10 out of 10,Love the App and the Support,"We are way more efficient with the use of this app. We are more accurate, faster and efficient with our time.","We were using a very common app that often times would crash losing our work and when we would call for support, there was no help. It was very frustrating. I began the search for a new app and found ArcSite who was up and coming. Even though it is used for many other professions, I am able to use it for my particular small business.  When I called them to inquire, they were very quick to respond, walked me through the best way to use the app, listed to me when I asked for new functions, and even after 2 years, if I have a problem, they are super quick to respond. They do not care that I am a small business, and treat me like I am a very large company. My team is so much happier and work is more efficient with this app, and they have the best customer service!","Since we are using this app for something that it may not really be intended for, there are some things that I wish we could do on it so that we could finish out our product 100% in ArcSite, but I feel like maybe in the future they will continue to develop it and we may see that opportunity. ",,,The other app would often crash and did not have good customer support.,"",""
09/28/2020,Capterra,text,ArcSite,Jay R,Superintendent,"Construction, 2-10 employees",Less than 12 months,5.0,4.0,5.0,5.0,5.0,10 out of 10,"Simple, Must-Have Tool",,"Simplicity. I've used many other programs and coming from a CAD background this is the least ""fluffy,"" with features I do not utilize personally and gimmicky data-driven programs that MS Excel can already do.   ArcSite is what I need to share and sell ideas effectively. ","Measuring tool can be tricky, but there are work-arounds. ",,,,"",""
09/28/2020,Capterra,text,ArcSite,Amanda P,Sales manager ,"Construction, 51-200 employees",Less than 12 months,5.0,5.0,5.0,5.0,5.0,9 out of 10,Great product ,,I like how intuitive it is and simple to use and understand. I never got any formal training on how to learn the software since it was so easy to use. Works well with other applications too! ,Too much customization making it difficult to keep it simple,,,,"",""
09/28/2020,Capterra,text,ArcSite,Dan B,Director,"Construction, 2-10 employees",More than 2 years,5.0,5.0,5.0,5.0,5.0,10 out of 10,ArcSite 5 Star,Extremely happy,"I originally used ArcSite for on-site drawings and take-offs. Since then I transfer all my drawings using the DXF export straight into my CNC machine. Once I worked out the correct layering and a few little tips to assist with the export, it works perfectly. The ease of doing this on my iPad with my pencil is a pleasure. I can not fault this app.",Happy with everything. I honestly can’t fault the app for my purpose.,,,,"",""
09/23/2020,Capterra,text,ArcSite,Kevin O,Sales,"Machinery, 2-10 employees",More than 2 years,5.0,5.0,5.0,3.0,5.0,10 out of 10,ArcSite PRO’S and cons,Overall ArcSite is a valuable tool in my industry. ,This software is very easy to learn. Quick and easy to use. ,The copy or trace feature is hard to use. It would be nice if it traced better.,,,,"",""
09/22/2020,Capterra,text,ArcSite,Alan C,Owner/Designer,"Arts and crafts, 1 employee",Less than 6 months,5.0,5.0,5.0,4.0,3.0,10 out of 10,Intuitive and ready tongo,ArcSite has been receptive and available to any questions I have had,ArcSite allowed me to plan and draw projects quickly and accurately. It intuitively feels like designing from a blank sheet of paper but with features that allow you to quickly change and revise on the fly. As a new user I am just learning the more advanced capacities of the program but can say it is easily the simplest drawing program to use with hardly any initial learning curve.,I would personally prefer a one time purchase option. It isn’t as inexpensive as some others but from my search it seemed you got what you paid for. This program does not offer 3D modeling it that was not something I need in my business.,,,,"",""
09/22/2020,Capterra,text,ArcSite,Jonathan W,Owner / Energy Consultant ,"Environmental services, 2-10 employees",Less than 12 months,5.0,4.0,0.0,4.0,4.0,9 out of 10,Feature expansion,See comments above - the software is excellent overall - it just needs some tweaks. Feel free to contact me if you want to talk about additional feedback. Jonathan - [SENSITIVE CONTENT HIDDEN],"Creating shapes, accuracy, easy to learn, etc..  ","Full feature often doesn’t work — if you have one tiny disconnected line in a shape, the color will fill everything around it. Could you make a seal shape button? You should be able to create sub shape folder in your creative shapes. For example: tables, chairs, plants, etc... add more colors or hue adjustments like a color wheel to colors. Add sub category folders to projects — differentiate types of projects. Add Bosch laser measure to Bluetooth and make it seamless — measure 2-3x and allow each to override previous — Bosch has free software for this but the UI the is terrible. Allow custom shape library to be shared for free! No additional cost for up to 3 users. Add 3D option- make it simple ",,The user interface was cleaner and the software has a bit more customization. ,,"SmartDraw, RoomSketcher, Chief Architect Home Designer, Dynafios APP",""
09/22/2020,Capterra,text,ArcSite,John Paul C,Architect,"Architecture and planning, 201-500 employees",Less than 12 months,4.0,4.0,5.0,3.0,1.0,0 out of 10,Great app - just FAR too expensive for what i need it for,"I started using it, after getting an initial pricing discount.  Overall, i enjoyed the app but as I used it more I came to the quick determination I wasn't going to pay the subscription for a year 2 - so I stopped using it altogether.",I love how it works with the iPad - and overall has a lot of potential. ,Price - the software is ridiculously overpriced.,,,,"",""
09/22/2020,Capterra,text,ArcSite,Jonathan R,Owner,"Architecture and planning, 2-10 employees",Less than 2 years,4.0,5.0,5.0,4.0,3.0,9 out of 10,Good for the money,"Overall, this has been a great tool for onsite wok.  I have also been able to draft quick, and simple ideas for clients to see potential changes by “erasing” parts of the underlying pdf through the use of shapes and showing that what could be different.","Easy import and calibration of drawings as long as there is an existing PDF.  Ease of measuring and entering simple plan information.  I use this instead of a paper plan on many sites when laying out projects (Landscape Architecture).  It has become a go-to, especially for larger projects as I can upload all the layout drawings and construction details for quick reference on the job site.  Also nice to create quick shop drawings onsite and easily create pdf with dimensions.","Inability to write DWG files directly into ArcSite.  It could be an easier transition from design to ArcSite if the app had the ability to create a usable file directly from a DWG.  Also, occasional crash issue when using custom symbols created in the app.  I would be great to be able to isolate a “piece” of the pdf and cut, copy and paste into another drawing within the same or different project files.",,,,"",""
09/22/2020,Capterra,text,ArcSite,Peter S,Owner/ Managing Director,"Construction, 11-50 employees",Less than 12 months,5.0,5.0,5.0,5.0,5.0,10 out of 10,Best and Simple Design Software,,"This software is:
1. Easy to Learn
2. Affordable to use
3. Looks Professional
4. Great Customer Service
5. Fast to complete
I would highly recommend to any contractor that needs to make there own simple designs that want them to look better than graph paper sketches.
",I wish the designs would automatically upload to the cloud and that we did not have to do that ourselves,,,Easier to use and better priced,"",CAD Parser
09/22/2020,Capterra,text,ArcSite,Matthew K,Owner,"Construction, 1 employee",More than 2 years,5.0,5.0,5.0,5.0,1.0,2 out of 10,Too expensive ,Nicely done.,"Great product, but way too expensive for the occasional use.","Cost for the amount of time used. Maybe ideal for a daily user, but not for the occasional use.",,,,"",""
09/22/2020,Capterra,text,ArcSite,Heidi M,Operations Manager,"Construction, 51-200 employees",Less than 6 months,5.0,5.0,5.0,5.0,5.0,10 out of 10,Great Company - Great Product,ArcSite has great customer service.  [SENSITIVE CONTENT HIDDEN] has been amazing with our implementation.,The software is easy to use.  Our field analysts were able to pick it up after just one quick training session.,There was a bit of implementation time but that is to be expected.  I found the implementation went very smooth.,,N/A,,"",""
09/22/2020,Capterra,text,ArcSite,Jason T,Designer,"Warehousing, 51-200 employees",Less than 12 months,5.0,5.0,5.0,4.0,5.0,9 out of 10,Quick & Easy to use,Excellent ,Speed of results and ease to get things drawn accurately.  ,"No much to say for this 99% perfect, slight issue with moving some blocks when they are very small zooming in / out.",,Ease of use,The old system kept updating and some useful functions removed.,"",Autodesk Fusion
09/22/2020,Capterra,text,ArcSite,frank T,Remediation Specialist,"Construction, 2-10 employees",Less than 12 months,4.0,4.0,4.0,4.0,0.0,8 out of 10,New User,,It's fairly easy to draw a good flor plan .,"When viewing pictures after I load them, I can't swipe to see the next one in the camera icon. It takes several steps to view the next picture.",,,,"",""
09/22/2020,Capterra,text,ArcSite,Nick M,Area Manager,"Construction, 11-50 employees",Less than 2 years,4.0,4.0,4.0,3.0,5.0,8 out of 10,Easy to use ,Arcsite allows management to review drawings and proposals real time prior to presenting to clients,The best thing about this program is the ease of use and when there is any issue figuring something out we get a video showing how to do something,Challenges if cell signal is not strong and not having the ability to modify previous versions,,,Much more user friendly,"",""
09/22/2020,Capterra,text,ArcSite,Peter C,Owner,"Consumer electronics, 2-10 employees",Less than 12 months,5.0,5.0,5.0,5.0,5.0,10 out of 10,Easy to use drawing program that simply makes sense!,Great people and very responsive.,"Easy to use and well laid out and helpful whether your doing a job intake for your team, a bid on a site, or a simple drawing for training or visual aid...it is just so helpful!","Just understanding the difference between a shape and a product and how to customize.  Once i got it, it made so much sense.",,,Needed something more mobile and flexible,"",Visio
09/22/2020,Capterra,text,ArcSite,Mark W,DIRECTOR,"Real estate, 2-10 employees",Less than 2 years,5.0,5.0,5.0,5.0,5.0,10 out of 10,Using Arcsite for Energy Surveys,I love it. Site surveys are more accurate and having developed my own shapes I don't need to do much ad hoc typing of notes.,Easy of use. Speeds up the work process. Better quality site notes for audit.,Struggling to find a con; but would be great additions if it included GPS location; ability to create 3D models. Would like the ability to edit drawings on my desktop.,,,Ease of use and easier to customise to what I needed,"",""
09/22/2020,Capterra,text,ArcSite,Jeremy R,Owner,"Construction, 1 employee",Less than 12 months,4.0,4.0,0.0,4.0,2.0,5 out of 10,"Good product, but expensive for a drawing app","The ability to draw simple floor plans was great.  It was easy to do, and for the most part, had the shapes I needed.  However, paying this much, every month, to simply draw a floor plan is ridiculous.  I work in construction as a foundation remediation expert and was looking for a simple solution to draw the outline of a building with the interior walls in some cases, add some dimensions and some simple shapes and text indicating areas to where more attention needs to be given.  Unfortunately there aren't any out there for that with grid lines and dimensions.  I tried this product, it was great for a little while but the cost just ate away at my wallet every month.  I would not pay more than $3/month for an app like this for what I use it for.  I would pay $30 outright for one though.  Perhaps I will develop one myself to fit the needs of those like me?  (I have a degree in IT and am familiar with programming so wouldn't really be that hard..)","The ability to draw simple floor plans was great.  It was easy to do, and for the most part, had the shapes I needed.  ",The PRICE every month to simply draw some shapes on a grid-lined screen.,,At first it was because of the ease of drawings simple shapes and adding dimensions.  Now I have switched back because it is my only choice that is not ridiculously priced.,,"",""
09/22/2020,Capterra,text,ArcSite,DARCY E,Surveyor,"Architecture and planning, 2-10 employees",Less than 12 months,4.0,3.0,5.0,3.0,3.0,10 out of 10,"Great, but... ",,"For more than 20 years prior to using this app I took field notes the old fashioned way... in a field book (4-5/8"" x 7-1/4"") with a pencil.  With limitless palette size, saved shapes, colors and snap-to lines, my notes have improved exponentially... However (continued below) ","... the time it takes has increased, often dramatically. This is directly the result of the limitations I've discovered using this app all day, every day.
The most severe issues are the lack of a default tangency when drawing a curve from the end of a line, arrays adhering to the grid (instead of a line), the error encountered when attempting to edit arc/curve data, the inability to apply text to a curve or color outside of a closed figure, the lack of an eraser (huge fault), and probably the most lacking of all is the absence of the tap feature on the ($129) Apple Pencil. ",,,Kept breaking leads,"",""
09/22/2020,Capterra,text,ArcSite,Kathleen H,Office Manager,"Construction, 11-50 employees",More than 2 years,5.0,4.0,5.0,4.0,5.0,10 out of 10,Makes Plans Simple,"I don't use ArcSite a ton, and definitely not to it's full potential, but it has proved to be an extremely useful tool when we have to do site layouts. I also use it to draw up fab orders for our steel fabrication shop.",I like that you can input measurements to make precise drawings for a variety of purposes.,There are times when very detailed drawings can be a pain. Sometimes it is difficult to draw or drag and place lines that are close together.,,,,"",""
09/22/2020,Capterra,text,ArcSite,pablo n,owner,"Civil engineering, 2-10 employees",Less than 12 months,5.0,4.0,4.0,5.0,4.0,9 out of 10,Review,great,Ease to use on ipads and transfer to mac ,not able to import from existing autocad files like dxf,,,I need to do basic drafting,"",AutoCAD
09/22/2020,Capterra,text,ArcSite,Lonny H,Director of Theatre,"Performing arts, 51-200 employees",Less than 2 years,5.0,5.0,0.0,5.0,3.0,8 out of 10,Great product. Great Power.  Good flexibility,,"What a powerfully intuitive tool.  I am not the typical user as I am a classroom theatre teacher.  I have a background in scenic design and worked with AutoCad and other products in my training.  I have no use for those monster programs, but this is absolutely so easy to knock out the plans and quick sketches that I use daily.  I find it easier to conduct my day to day drafting needs without all the fuss of some of the programs that have all those bells and whistles.  It gets to the point and is intuitive enough to start easily.  A beginner can feel empowered and a person with tons of experience with other CAD experience will find that it is flexible enough for most of their day to day needs.  Drawings are easily exported and it aids in communication down the line.  ","The price is my my biggest issue.  As a teacher and a single user, it is a bit prohibitive.  The basics are great, but if I would like to play with some of the other features in the higher priced packages, those are definitely out of my league.  ",,,More powerful and more intuitive. Not constantly changing and that keeps me able to keep up.,"",""
09/22/2020,Capterra,text,ArcSite,Patric K,Structural Engineer,"Civil engineering, 11-50 employees",Less than 2 years,5.0,5.0,5.0,4.0,5.0,10 out of 10,ArcSite - The Floor Plan Generator,"It has been industry changing. Our company's ability to utilize the product to construct quick and accurate floor plans seems unmatched. This tool, in my opinion, is the main factor. ",The user interface and functionality is exceptional in depicting an accurate floor plan. The fact that the in field constructed drawing can seamlessly export to CAD is one of the greatest perks. ,"I have found that the blocks must be scaled constantly and do not populate at the scale they were drawn in. This limits the functionality some. However, this is a minor inconvenience and ultimately would just be an added luxury given the softwares current capabilities. ",,,,"",""
09/22/2020,Capterra,text,ArcSite,Dennis B,Art Director,"Motion pictures and film, 1 employee",More than 2 years,5.0,4.0,5.0,3.0,2.0,10 out of 10,Art Director/Set Designer site measurement tool,As built dimension drawings used to import into Vectorworks for construction drawings to modify locations for settings. ,iPadOS Tablet based with direct input via Apple Pencil,Cost for single user is high in comparison to other iPadOS drawing apps. Morpholio Trace is an example. ,,,,"",""
09/22/2020,Capterra,text,ArcSite,Mario f,PRESIDENT ,"Construction, 11-50 employees",Less than 12 months,5.0,5.0,5.0,4.0,4.0,9 out of 10,DRAWING WITH EASE ,great customer service. ,Its really easy  draw its make our onsite work much easier. ,My only complaint  is that you cant used on the PC to Draw when I'm in the office. this would really make the product 110% perfect. ,,,IT WAS A REALLY OLD VERSION. ,"",""
09/22/2020,Capterra,text,ArcSite,Ken H,Estimator,"Construction, 51-200 employees",Less than 6 months,4.0,3.0,5.0,4.0,0.0,7 out of 10,Easy on smaller hobs,Still learning product ,Clean drawings to give to crew can close deals on the spot ,Larger drawings tough for time constraints ,,,,"",""
09/22/2020,Capterra,text,ArcSite,michael s,lead estimator,"Construction, 11-50 employees",Less than 6 months,5.0,5.0,5.0,5.0,5.0,8 out of 10,so far its perfect,,"ease of use and great support, since I am new to it I really have nothing negative",really this program covers everything we need,,,field use,"",""
08/07/2019,Capterra,text,ArcSite,Collin D,Certified Field Inspector,"Construction, 1001-5000 employees",Less than 2 years,5.0,5.0,5.0,5.0,5.0,10 out of 10,Confidence through accuracy!,,What I like most about this software is how easy and user friendly it is. ArcSite has greatly helped my confidence learning more structural work. I am so accurate with all my drawings and measurements that our engineers in our office can look at everything and help answer any questions I ever have if needed. It's awesome how this software's accuracy allows them to help me without even being there on the job site. It's incredible!  This software has tremendously helped my career. ,A few things could be added to make it more efficient but overall its amazing. ,,,,"",""
08/07/2019,Capterra,text,ArcSite,Dale W,Director,"Oil and energy, 11-50 employees",Less than 2 years,5.0,5.0,0.0,5.0,5.0,10 out of 10,How good is ARCSITE,"We use ArcSite to create lift plane and the ability to screen shot google earth and import the picture or the site you are doing the plan for makes life so much easier.
Also have created a shape library with the cranes all drawn to scale so you can just add to plan and position accordingly.","Ease of use
The ability to import pictures
Create your own shape libary",I can't say that there were any cons really ,,"Easier to use 
Much quicker for others to learn",,"",""
08/07/2019,Capterra,text,ArcSite,William F,Senior Corporate Manager,"Construction, 11-50 employees",Less than 12 months,4.0,4.0,2.0,2.0,0.0,8 out of 10,ArcSite Review,"We are able to visibly show a customer where their downspouts will be installed, their direction, so they have a visual to put together with a drawing.  This makes it easier to follow and understand for the customer.",Photos to show customers.  Drawing layout.  ,Making changes to accommodate all users within our company is very difficult to make happen and often comes with resistance from the engineers.,,Nothing out there that would meet our specific needs as a gutter company.  This is why we chose to develop this product...  Without our company's input you would not have this product.  :),,"",""
08/01/2019,Capterra,text,ArcSite,Dan D,Pricing Manager,"Construction, 201-500 employees",More than 2 years,4.0,5.0,5.0,4.0,4.0,8 out of 10,User friendly and great customer support,"We’ve reduced double-handling of drawings, improved accuracy of on-site quotations, improved quality of initial design sketches for clients, and seen a reduction to our overhead.","Proactive support, they want you to make full use of the software and provide ample instruction (how-to’s and direct communication) to help you do so.

User friendly interface, short learning curve before a new user can produce useful drawings.",Plot settings can take some getting used to.,,,,"",""
07/31/2019,Capterra,text,ArcSite,Jose V,Owner,"Construction, 2-10 employees",Less than 12 months,4.0,4.0,5.0,4.0,4.0,7 out of 10,Great software with many toola, Overall it’s a great program that’s I recommend anyone looking into drawing plans for jobs and or in my case giving estimates ,  I enjoy the ease and accuracy it gives for my plan drawings ,I do not like that it does not offer a feature to do even the minimal editing on photos cropping etc ,,,,"",""
07/31/2019,Capterra,text,ArcSite,Paul G,Surveyor ,"Security and investigations, More than 10000 employees",More than 2 years,5.0,5.0,5.0,5.0,5.0,10 out of 10,Arcsite review ,Being able to assist in the offshoring of the jobs no longer have to type the jobs or remark the drawings so all completed on site apart from the upload,"Compatibility and flexibility 
Utilizing the iPad on site ","Unknown yet to develop a longstanding concern all concerns are dealt with promptly by support 
Size of files can be large ",,,,"",""
07/31/2019,Capterra,text,ArcSite,Dino F,Manager,"Real estate, 2-10 employees",Less than 2 years,5.0,5.0,5.0,5.0,5.0,10 out of 10,Thank you ,,"Very intuitive, always improving. Good time-saving features added likedoor cut-ins.",Changes happen dramatically. Should put out a beta version to try out before full release.,,,,"",""
07/29/2019,Capterra,text,ArcSite,Eric V,NAFSS,"Security and investigations, More than 10000 employees",Less than 2 years,5.0,5.0,5.0,5.0,0.0,10 out of 10,Great design APP,This allow me to go from pencil and paper to a I pad on site. It made my job easier and faster.,The convince and portability of the app .,Nothing really. the app does everything I need.,,,,"",""
07/25/2019,Capterra,text,ArcSite,Stuart O,Exec Director,"Non profit organization management, 1 employee",More than 2 years,4.0,4.0,4.0,3.0,3.0,8 out of 10,Suits 89% of my need,,"As Director of a cemetery association, I find ArcSite to be valuable for a variety of functions. 
Primarily, I use it to map monuments in need of restoration or cleaning, as well as for landscaping issues and concerns. It is easy to upload the maps I need as base templates. Once the templates are loaded, it is effortless to use in the field with the iPad version of ArcSite.

I like the reports that it produces, and it intuitively formats the photos and comments.","When I upload a document to use as a template, I wish that there was a ""make a template"" function, as I. wind up recreating the needed form over and over again.

It would also be helpful to have the capacity to produce a csv document for database conversion.",,,,"",""
07/24/2019,Capterra,text,ArcSite,David B,Consultant ,"Environmental services, 201-500 employees",Less than 12 months,4.0,4.0,4.0,4.0,0.0,9 out of 10,Great ,Love it,"Impresses clients, pretty easy to use and looks very professional.",Nothing really I like it all,,,,"",""
07/24/2019,Capterra,text,ArcSite,Mark R,Sales manager,"Mining and metals, 11-50 employees",Less than 2 years,5.0,5.0,5.0,5.0,5.0,10 out of 10,Intuitive drawing software,"Extremely satisfied customer.  Accurate and timely drawings to clients allow me to do more with my time. Platform makes it easy to create and deliver quality, professional drawings to clients and share with co-workers.","Intuitive drawing software. Arcsite allows me to create custom drawings to scale for our clients. The drawings help customers gain comfort in how the product will look and perform. I can easily make adjustments/ updates to the drawings. I was able to upload our proposal forms to Arcsite and add the drawings to forms. It gets easier over time to use. I am able to create and store shapes that can be used again and again on different drawings. I can copy similar drawings and make quick adjustments. Being able to store drawings over time and reference them as needed is a huge feature for me. Also, sharing drawings could not be easier -- you can export in different formats with one click. We share drawings internally, clear detail has helped with company communication.  Support was very timely, particularly in the beginning to ensure I got off to a good start. The rep got back to me quickly with answers to questions and also provided suggestions to improve efficiency on Arcsite. Updates are made that improve my ability to deliver professional and accurate drawings to the client. Extremely satisfied customer, I use Arcsite everyday.  ",Perhaps in the beginning I might have had something to note here -- but I honestly don't have any cons. Patience and spending time on Arcsite makes the next visit a little easier. ,,"Ease of use, customer support.",,"",""
07/24/2019,Capterra,text,ArcSite,Jon O,Business development ,"Building materials, 51-200 employees",More than 2 years,5.0,5.0,5.0,5.0,5.0,10 out of 10,Great product with ease of use,ArcSite has been my main app for staircase take off and will remain so. Customer service is more than helpful and provides great support. ,"Export to CAD files and PDF, ease of calibration on plans, excellent customer support and regular updates with new features ","The fact that I have 3 tools using this software by me, logs me out since I only have 1 licence. Depending on need, I may use one of my 2 iPads or my iPhone. It would be great if we could stay logged in all tools. ",,,,"",""
07/24/2019,Capterra,text,ArcSite,Loyd I,Asbuilts,"Construction, 1001-5000 employees",Less than 12 months,5.0,5.0,5.0,5.0,5.0,10 out of 10,ArcSite Review,We Draw Asbuilts for a Major Energy Corporation,"Easy to use, ICloud Back-up , Tech Support,","Only upload 1 document at a time through email, 
When uploading into an existing folder through email 
The List should be alphabetized ",,,More Options ,"",""
07/17/2019,Capterra,text,ArcSite,John H,Surveyor,"Security and investigations, More than 10000 employees",More than 2 years,5.0,5.0,5.0,4.0,5.0,10 out of 10,Leagues ahead of anything else I used,"Going into customer meetings for new fire and security systems with no drawings has always been a challenge. Using pen and paper was our only option. Trying other ""drawing apps"", I found them to be very limited in what they offered.
However, with Arcsite, this blew the competition out of the water in terms of shear versatility and functionality. I was able to create drawings either from importing PDFs, taking a photo, or even drawing them myself. The integration and support offered by Arcsite really enabled us to integrate our own fire and security device symbols into the app to allow me to effectively mark up drawings with devices whilst walking site, thus saving lots of time.
The addition of allowing embedded photos into the drawings is a massive help, as it really allows for additional information to be captured which often is too difficult to just put into words.","I love how versatile the software is on my ipad in that i can import drawings, take a photo to use as a drawing, or even draw out a building layout from scratch.
It really has I believe set us apart from competition and has wowed customers","How when file sizes get larger than around 500kb, the app beings to struggle and becomes sluggish",,,,"",""
07/17/2019,Capterra,text,ArcSite,Michael M,Chief Estimator,"Construction, 11-50 employees",More than 2 years,5.0,5.0,5.0,5.0,5.0,10 out of 10,A Great Product,We have solved a disconnect between Estimating and Production. Production no longer has to rely on hand-drawn diagrams and now know exactly where to put repairs.,The best feature of this app is the ease of use. It takes only minutes to make a drawing or diagram on the job site. Being able to share the projects between my team is a huge advantage also.,"There isn't much I don't like, but if I had to pick one it is the way the Shapes Menu stays on the screen after you select a shape to use.",,,,"",""
07/17/2019,Capterra,text,ArcSite,Simon R,Engineer,"Facilities services, 1001-5000 employees",Less than 2 years,5.0,5.0,5.0,5.0,5.0,10 out of 10,Complete cad package ,"Great for all aspects of cad, from editing a poor quality photo to a finished pdf. Couldn’t operate without this app!","Intuitive usage, all aspects of marking drawings come together seamlessly for a speedy accurate set of drawings.",N/a there are no downsides to this app and customer support is excellent. ,,,,"",""
07/17/2019,Capterra,text,ArcSite,Trevor C,Director,"Utilities, 2-10 employees",Less than 2 years,4.0,5.0,5.0,4.0,5.0,9 out of 10,CAD system,Producing accurate area values especially of awkward shapes,It is easy to use acombined with the high level of support,I guess I am always trying to produce a realistic image for the customer and I guess producing a 3D picture would be the ultimate ,,,,"",""
07/17/2019,Capterra,text,ArcSite,Jake M,Owner,"Health wellness and fitness, 2-10 employees",Less than 12 months,5.0,5.0,5.0,5.0,4.0,10 out of 10,Great APP,I am using this to draw 1400-3000 SQ FT chiropractic clinics. Great for this and will use for other things I draw up.,Great Customer Service and easy to use the APP!,Would like to use on a computer eventually.,,,,"",""
12/02/2018,Capterra,text,ArcSite,Lawrence D,Business owner,"Real estate, 2-10 employees",More than 2 years,3.0,3.0,3.0,3.0,3.0,6 out of 10,"Still a good value, but unresolved bugs have us checking alternatives again","I have previously reviewed Arcsite on Capterra, but am removing stars based on our recent experience.  At this overall performance level and price point, the app is a good, but no longer compelling value.","This is an excellent app designed primarily for field diagramming.  With it, we are able to create building diagrams quickly for our building inspection reports.  In-app draining controls are well thought out to quickly layout and then fine tune as needed, with advanced controls.  It exports to pdf, dwg, png and other formats and offers cloud backups too. A perfect marriage between this app and an iPad/pencil.  We have used it create hundreds of building diagrams over the last two years.  The main app engineer is rolling out new features consistently.","We use iPad pros Wifi+ cellular on AT&T for diagramming and bugs that have continued unresolved for months have caused us to start re-considering alternatives.  For example, swiping between apps causes the drawing to window to zoom out to the point where the diagram is only a pixel on the screen.  Sometimes the entire app goes to a blank white screen, then reverts to the projects list, forcing us to re-open the active drawing. Snapping to grid is a basic function, but when reviewing drawings closely, lines that were supposed to have snapped to the grid are actually only next to the grid lines and not accurately placed.  We have to zoom in quite far to correct.  With more complex drawings, containing over 70 elements or so, the app bogs down significantly and crashes, even though we think it should be able to easily handle more complex drawings than we use it for. 

The monthly fees are significant at the small business level.  As of today, $360/year and $720/year for cross-device sync capability.  AutoCAD LT, which is close in capability, costs $390/year and includes both desktop and mobile apps for iOS.  Although support was responsive before, our support requests have not been answered the last two times we've asked for help.  The answer has been that they are unable to duplicate the issue we see. However, on our end, the bugs persist through iOS updates, app updates, and on multiple devices.",,,,"",""
08/06/2018,Capterra,text,ArcSite,Stephen G,Proprietor,"Construction, 1 employee",Less than 6 months,5.0,5.0,5.0,4.0,5.0,10 out of 10,Fabulous CAD for iPad,"AecSite really is pretty perfect for creating drawings and taking details on site, overall the more it’s used the easier it becomes. It definitely saves time making scrappy notes and then trying to decipher them onto CAD days later.",Ease of use and being able to export to both DWG and PDF.,Can be a little slow editing large file sizes.,,,,"",""
08/06/2018,Capterra,text,ArcSite,Benjamin S,Operations,"Construction, 11-50 employees",Less than 2 years,4.0,5.0,0.0,4.0,0.0,10 out of 10,AcrSite for the win,,"As much as I would rather not have to pay a subscription for this software, it is extremely useful. I have tried everything else and this one just works. ",The Apple Pencil is not very accurate...whereas a Surface Pen is much more accurate. I wish there was an Android & Windows version.,,,,"",""
08/06/2018,Capterra,text,ArcSite,Michael K,Owner - Carpenter,"Construction, 2-10 employees",More than 2 years,4.0,4.0,5.0,3.0,4.0,8 out of 10,Best basic mobile CAD ,Over all experience has been really good.  The customer support has been a huge help and he has added many features that have been beneficial to what my company uses this app for.,"Portability and ease of use, and customer support is fantastic!","Lack of options:
- snap-to
- auto fill
- repeat of item around a shape
- odd shape(oval eclipse etc.)
- most of all: changing a line size will sometimes create a glitch that will freeze the app or change so many other measurements because of what its connected to.",,,,"",""
08/03/2018,Capterra,text,ArcSite,Michael T,Integration Account Manager,"Information technology and services, 11-50 employees",Less than 12 months,5.0,4.0,5.0,4.0,4.0,9 out of 10,"Very useful for site survey information, I use almost every day!",Accuracy of information going to design engineer has doubled... it's been very helpful to help customers visualize the end product as well.,"It is very simple, and easy to use.  Custom objects is immensly helpful.  I love the ability to import a photo, calibrate, and then measure distances from there-- I can now grab a quick snap of a building fire-plan or paper construction plans, etc. and do most measurements on the spot without having to individually measure off things.  And if I've forgotten to measure something, I can still get that number after I get back to the office.  It's also useful on the sales end to help give customer a quick layout of what they are getting or work to be done.","Mult it out over several people, and it's pricey for each subscription.  The ability to do ellipsoids and not just circles would make perspective a little simpler to do.  Right now, you have to do a bunch of arcs which is very cumbersome.",,,,"",""
08/03/2018,Capterra,text,ArcSite,Chad H,President ,"Construction, 11-50 employees",More than 2 years,5.0,5.0,5.0,5.0,5.0,10 out of 10,Outstanding design platform ,The online support has been very responsive and great to work with. ,"Great product to draw 2D drawings 
Very simple to use. 
We use these drawings for our CNC Plasma as well as fabrication drawings ","No 3D option 
No text don’t options 
More options on spirals and machining ",,,,"",""
08/03/2018,Capterra,text,ArcSite,Doug L,Manager,"Construction, 11-50 employees",Less than 12 months,5.0,5.0,5.0,5.0,5.0,10 out of 10,Best thing since sliced bread!,Excellent!,Easy to learn system that makes drafting much less time consuming and professional. ,Looking forward to the continued improvements and refinements. Would love a button to toggle on/off object snap that was directly on the drafting page. ,,,,"",""
08/01/2018,Capterra,text,ArcSite,R Paul L,Owner,"Electrical electronic manufacturing, 2-10 employees",Less than 12 months,5.0,5.0,5.0,3.0,5.0,8 out of 10,Great CAD for iPad ,I’m an electrical contractor.  I use ArcSite for single line drawings and control diagrams.,iPad friendly and cloud based.  Menues are intuitive.  Tiered pricing is convenient. ,Clunky to import existing drawings and shapes.  ,,,,"",""
07/31/2018,Capterra,text,ArcSite,Carl G,Design Consultant ,"Construction, 11-50 employees",Less than 2 years,5.0,5.0,5.0,5.0,5.0,10 out of 10,Must have tool for construction industry,"Arcsite made creating on-site diagrams and drawings a breeze, and drastically cut down the time it took to do initial drafting, saving hundreds of hours a year","ArcStite is extremely easy to learn and use and requires very little skill to operate efficiently. The customer support team is fantastic, and was eager to know about my experience with the tool and what they could do to improve. ",ArcSite is only available as a subscription service and doesn't have the option to purchase the tool outright. ,,,,"",""
07/31/2018,Capterra,text,ArcSite,Rudy G,Regional Sales Manager ,"Food and beverages, 2-10 employees",Less than 6 months,5.0,5.0,5.0,5.0,5.0,10 out of 10,So easy a monkey can use it! ,We get to utilize this app to ensure are ideas get turned into precise drawings and then fabricated so our customers are happy with our product. ,"Auto measuring
Drawings to scale
Easy to learn how to use 
","If you select multiple items you draw and try and move it lags, but other than that it is flawless! ",,,,"",""
07/31/2018,Capterra,text,ArcSite,David C,N/A,"Construction, 1 employee",Less than 2 years,5.0,5.0,5.0,4.0,4.0,8 out of 10,CAD for non-CAD users,,Extremely precise but also extremely easy to use. Quick sketches to convey a concept or verify a solution are a breeze to create. I love that this tool isn't burdened by all the baggage inherent in pro-quality CAD tools.  This tool opened up an opportunity for exploring solutions to problems I'd encounter as a project manager for residential construction projects. I was able to develop more fully a previously untapped vein of creativity that I probably wouldn't have discovered or utilized otherwise. ,"Two issues: Integration & 3D 
I really wish it could integrate more tightly with other tools.
The developers seem to believe the tool is positioned in the context of managing a collection of construction drawings - along the lines of products like PlanGrid. Maybe it meets that need for some users, but it doesn't begin to meet the requirements of that category in my opinion. I use PlanGrid everyday and would LOVE for Arcsite to be able to layer on top of the PlanGrid document library -- justlike RFIs or Photos, or Issues. 
If they could bring the same level of simplicity and precision to drawing in 3D, bridging between 2D and 3D. I've started using Shapr3D for iPad which is a brilliant app for drawing in 3D. But like most CAD tools, it assumes the user is already well-versed in the underlying techniques & concepts. (not to mention it's more geared for drawing things that will be fabricated or 3D printed).  I long for a 3D solution that is as easy as ArcSite but as powerful as Shapr3D.",,,,"",""
07/31/2018,Capterra,text,ArcSite,Bryan W,Foreman,"Utilities, 1001-5000 employees",Less than 12 months,5.0,5.0,5.0,4.0,4.0,9 out of 10,Great app for drawings,,"For me the ease of use is the best part, with that is the ability to work multiple drawings saves me a lot of time.",I haven’t found anything I dislike about this app it’s a good all around tool. ,,,,"",""
07/31/2018,Capterra,text,ArcSite,Chad N,Sales Technician,"Wholesale, 11-50 employees",Less than 6 months,5.0,5.0,5.0,4.0,4.0,10 out of 10,Great Software from a Flexible Company,,"The software is very easy to use.  You can import PDFs, background images, or start drawing from scratch.  I perform a lot of onsite lighting audits and ArcSite has really helped to streamline our audit process and insure that all parties are on the same page regarding the type and quantities of existing lighting.  There have been a few features that I felt like the software could use, and the ArcSite team was more than willing to entertain and actually implement into the program.","I do not use all of the built-in functionality of the software, so I feel like the price is a bit high.",,,,"",""
06/01/2018,Capterra,text,ArcSite,Marvin A,Sales,"Construction, 51-200 employees",More than 2 years,4.0,5.0,5.0,4.0,3.0,7 out of 10,This has made my measuring on site very helpful and keeps things organized ,more organization and cleaner drawings witch improves communications and understanding in the job.,I like the simplicity of the program.  I  love that you can add photos and place measurements on the photos or pdf drawings. ,"I wish that there were more items in the list for my profession.  I would like more cabinet options 
I also wish that everything didn't load into their own page.  It would be nice when you uploaded a file it came back as one file not each page a separate file.","",,,"",""
05/30/2018,Capterra,text,ArcSite,Curtis A,Cabinet Sales ,"Construction, 51-200 employees",Less than 2 years,4.0,4.0,5.0,3.0,3.0,7 out of 10,Very good program needs ,Makes keeping everything organized easier,"It is very easy to use.  I like the photos and that you are able to measure and make marks on them.
",I don't like the uploading and downloading that everything separates into its own page.    Needs more objects,"",,,"",""
05/30/2018,Capterra,text,ArcSite,Joe K,Party Chief ,Unspecified,More than 2 years,4.0,4.0,5.0,5.0,3.0,,"Very useful tool,  did most of what I asked of it. 
Replaced the hand sketches in the truck ","","Had all the functionality I needed to make quick, easy sketches 
With the ability to put photos in the background with a transparency I can trace all the details I needed before adding the new additions 
Rep at customer service always did his best to meet my needs 
","Can't change the direction & orientation of the anglular measure. 
Getting lineweights correct for export was guess and check.
Doesn't auto save on cell connection. 
The dimensions are always in the magnifier
Snaps are somewhat buried in the menus to change. ","",,,"",""
05/30/2018,Capterra,text,ArcSite,Nathan S,Project Manager,Unspecified,More than 2 years,5.0,5.0,5.0,5.0,3.0,,Overall great program,"",Easy to setup and implement with very little downtime. Easy to upload new files into the cloud and exporting is also easy.,The pricing for this seems a bit high. Great for our productivity and everything but better bulk pricing for multiple  users would be best.,"",,,"",""
05/29/2018,Capterra,text,ArcSite,Richard V,Lead Sales Engineer,Unspecified,Less than 12 months,4.0,4.0,5.0,4.0,4.0,,This app has helped with getting the necessary information on a site visit. ,"","It is fast and easy to use and has a lot of good tools to make drawing be as accurate as possible. 
I also love that I can scale a picture. This saves a ton of time in the field because I don't have to draw everything out in detail.","Wish I could draw a wall using inside dimensions instead of center. 
I think there should be a way to auto upload drawings.","",,,"",""
05/29/2018,Capterra,text,ArcSite,Amanda C,Lighting surveyor/auditor,"Electrical electronic manufacturing, 11-50 employees",Less than 6 months,5.0,4.0,5.0,4.0,4.0,9 out of 10, Overall experience is good.,"",I love the new layer lock option and the new edit features in the take off. I like the ability to add photos.,Would like better Angle function. I'd like to be able to draw two lines and specify the angle they form.,"",,,"",""
05/26/2018,Capterra,text,ArcSite,James H,Termite Department Head,Unspecified,Less than 2 years,5.0,5.0,5.0,5.0,5.0,,Simple to use yet has deep feature set,"","It is very straightforward. We don't use much in the way on the advanced features, just basic line drawings for our paperwork. But it is exactly what we had been looking for.",The app will randomly sign me out of my account. It enters a demo mode every so often brings up a prompt to show me what the icons do. Neither of these are huge inconveniences but I figured they are worth mentioning.  ,"",,,"",""
05/25/2018,Capterra,text,ArcSite,Dani C,Project Coordinator ,"Electrical electronic manufacturing, 51-200 employees",More than 2 years,4.0,4.0,5.0,4.0,5.0,9 out of 10,Easy software to work with and great customer service,It easily gets files to and from the office and field with the mark up made. It stores all our files for easy use. ,It is easy to use. It works well for what we are doing. And customer service is usually pretty fast about getting bugs fixed. ,I wish it wasn't so expensive but I guess it is worth it when the developers work with you on making it a better tool to use. ,"",,,"",""
05/24/2018,Capterra,text,ArcSite,John H,Director,"Building materials, 2-10 employees",Less than 2 years,4.0,4.0,5.0,5.0,3.0,7 out of 10,Great tool for quickly drawing up plans on site and in the office.,Ease of use onsite and quick professional looking plans.,The ability to create your own items and save them to quickly drop into drawings and plans saving time.,Yearly subscription is very expensive for the tier with all the functions.   Would be better if you could customise what you wanted to use and paid for only those.,"",,,"",""
05/24/2018,Capterra,text,ArcSite,Andrew R,President/CEO,Unspecified,More than 2 years,5.0,5.0,5.0,5.0,4.0,,This program has made some amazing improvements over the last while. Great job,"",The ease of use and now the option to unlock templates I have made to change them is awesome. Keep up the good work ,The unlock feature for my templates would be nice after you make a change to be able to re-lock just that group again. Not sure if its even possible ,"",,,"",""
05/24/2018,Capterra,text,ArcSite,Seth W,Project Auditor,Unspecified,Less than 12 months,4.0,5.0,5.0,4.0,4.0,,"EASY, HELPFUL, STREAMLINED","","It's easy to use, customizable, and highly portable on iPad. Projects are easy to collaborate on & share. ",The iPad app often crashes. It seems to sometimes have trouble uploading drawings - we have lost entire portions of drawings before. ,"",,,"",""
05/24/2018,Capterra,text,ArcSite,Amy C,Manager,Unspecified,Less than 2 years,5.0,5.0,5.0,5.0,5.0,,Just what we needed for our business. ,"",I love the simplicity of use and how I can export in dxf right from my tablet. No need for a computer. ,I wish I could draw 3D so I wouldn't have to use another program to do that with. Also when I get a drawing that has too much detail everything slows down. ,"",,,"",""
05/24/2018,Capterra,text,ArcSite,William F,Director of Operations,Unspecified,More than 2 years,5.0,5.0,5.0,4.0,4.0,,"Great Program, Versatile for Many Use Cases","","The ability to have it in the guys hands in the field where they can make adjustments to drawings in real time. This sames time, money, and errors. We also love the import and export functionality. ",It would be nice to have a more robust portfolio of pre created shapes/objects and the ability to port them. ,"",,,"",""
05/24/2018,Capterra,text,ArcSite,Jennifer S,Field Underwriter,"Insurance, 201-500 employees",Less than 6 months,5.0,5.0,5.0,5.0,5.0,9 out of 10,Very practical use in the field,I use it in the field on inspections. It is easy to use on an iPad,"User friendly, easy to calibrate Google Maps images for site diagrams. Easy to use in the field on an iPad. Makes inspections easier.  I like having the option to use a picture, create a new sketch or both. ",Renaming the photos from the folder instead of while in the sketch.  It would be easier while in the sketch to rename it. ,"",,,"",""
05/24/2018,Capterra,text,ArcSite,Jay E,Fire Investigator,"Security and investigations, 2-10 employees",Less than 12 months,3.0,3.0,3.0,2.0,2.0,4 out of 10,I use it to diagram fire scenes,"As I said before, i can adjust the screen and add more details. This was not possible on the other program.",I am able to move and adjust the screen which allows me to include details that I would not have on other programs.,"It doesn't have various furnishing icons, etc. that I would need to help make the diagram more specific for my clients.","",,,"",""
05/24/2018,Capterra,text,ArcSite,Nathan W,Managing Partner,"Renewables and environment, Unspecified",More than 2 years,5.0,5.0,5.0,5.0,5.0,,I use ArcSite to prepare field drawings for Cogeneration projects in NYC,"","Easy to use and packed with features! Photos, scale drawings from my iPad, checklists, notes, scanning existing drawings, you think of it... the feature is there!",I wish it integrated with Zapier because I would like to export drawings directly to my database and assign tasks to team member accordingly.,"",,,"",""
05/24/2018,Capterra,text,ArcSite,Verified Reviewer,Not Displayed,Unspecified,More than 2 years,5.0,5.0,5.0,5.0,5.0,10 out of 10,Excellent for our business and our lives. Wonderful customer support too!,Both business and life benefits. I use this for work and I use this for home building projects.,"There are two things that I like most about this software:
1. The customization that we have experienced by paying for development has been off the charts. We are able to customize the product we offer to our customers as a result of this. We've never known of an app that does this.
2. The customer support we receive if there are ever any glitches or data loss is astounding. They are fast, professional, friendly, and above all, extremely competent at what they do.","I wish there was a way to do a wide spread search of every shape that has a photo in it. When you've placed multiple shapes, it's tough to remember which one you took the pictures in.","",,,"",""
05/24/2018,Capterra,text,ArcSite,Michael S,Owner,Unspecified,Less than 6 months,5.0,5.0,5.0,5.0,5.0,,ArcSite has unshackled me from the drafting table and allowed me to design in the field.,"","Intuitive Ease of use
Good selection of tools
Huge boost to productivity
Allows drawing in the field with the availability of exporting drawings for real time collaboration 
Top notch customer service
Perfect for client meetings to discuss design with the ability of real time scaled alterations
Down time has turned into productive time...for instance, while waiting for a haircut, I was able to draw the exterior elevations on a project rather than wasting that valuable time.","Minor stuff really. There have been a few bugs but Rep and his team have been very responsive.
","",,,"",""
05/23/2018,Capterra,text,ArcSite,SAM B,Cabinet Sales Rep,"Construction, 51-200 employees",Less than 2 years,3.0,4.0,4.0,3.0,4.0,8 out of 10,"i measure homes for cabinets, remodel and new. its a good program and gets the job done","quicker measures on the job and easier to read numbers ( ala no handwriting)
saves time and therefore money ",i like how easy it is to import drawings to the website. i like how easy it is to draw a basic room plan,"the forms that get created need to download with the drawings like the photes you take do
if that happened that would be great! ","",,,"",""
05/23/2018,Capterra,text,ArcSite,Mel J,Surveyor,"Construction, 11-50 employees",Less than 2 years,5.0,5.0,5.0,5.0,5.0,10 out of 10,"Very easy to use, ",Easy to do drawings for my clients,It has made things very easy for my work. I like the fact you can copy and paste drawings to other pages ..,There is nothing I dislike about the software. It's made life very easy over the past 18 months .....,"",,,"",""
05/23/2018,Capterra,text,ArcSite,Verified Reviewer,Not Displayed,"Utilities, Unspecified",More than 2 years,5.0,5.0,5.0,4.0,5.0,10 out of 10,ArcSite makes PDF functionality in several ways possible in Mobile environment,Time savings and ease of sharing plans through a mobile device. The software allows for communication of drawings in real-time which can save time and money but also ease frustrations of work or verbal communication. A drawing is worth a thousand words...,"ArcSite handles PDF mobile cad drawings possible in an elegant manner. The tool makes possible creation, editing, redlining of CAD quality drawings and integrates photos in an exceptional manner.

The ability to embed photos has been challenging in the past with  software on ios where photos and app were somewhat disconnected. ArcSite solves this. High resolution drawings and detail is also possible with quality by controlling line types, colors and other features.

The finished product achieved with ArcSite is great quality.","Project folders lack functionality of saving either in a higher order, ie. folder within folder. Folder or file commenting would be handy for communicating with cohorts, ie. leaving a description of the folder (project). Hiding projects or archiving has been a great feature, expanding on that functionality in some way would be beneficial. Downloading projects is great, or downloading selected PDFs in a bulk manner from IOS would be a good addition.","",,,"",""
05/23/2018,Capterra,text,ArcSite,Verified Reviewer,Not Displayed,Unspecified,Less than 2 years,5.0,5.0,5.0,5.0,5.0,10 out of 10,"Really like the app, works great for me.",I use it daily in my work.,"Not as tedious as other drawing apps.  Drawing scale is unlimited. Prints to png,pdf and love it. Love entering distances and angles.  Love being able to use it without an internet connection because I am regularly off the grid.","Needs alignment tool and auto shape (star, triangle, circle and square/rectangle). Would really be nice if I could re-arrange order of layers. Can't create gradient colors, would be nice.","",,,"",""
05/23/2018,Capterra,text,ArcSite,Jeff O,Owner,Unspecified,Less than 2 years,5.0,4.0,5.0,5.0,4.0,,This is a very useful tool and time saver,"",I'm a landscaper and design sprinkler systems.  I like the ability to create reusable objects for my designs.  I also like the ability to measure the area.,"It would be nice to create textures and fill in custom shapes. I design landscapes and it would be nice to differentiate grass from rock beds, etc.","",,,"",""
05/22/2018,Capterra,text,ArcSite,David B,Sales manager,Unspecified,Less than 2 years,5.0,4.0,5.0,4.0,4.0,9 out of 10,it was been a great time saver and helped me to stay more organized.,"As said in the earlier comments,  it has improved my communication of my team.","I has removed 90% of my paper/printer use and has increase my ability to communicate with me team, both in accuracy and with color coded information etc.","everything for the most part is great.  there are just a few things that I wish it could add,  I have communicated this, and I know that some of these things are limitations of the ipad system.","",,,"",""
05/22/2018,Capterra,text,ArcSite,Josh W,General Foreman,"Construction, 51-200 employees",More than 2 years,4.0,5.0,5.0,4.0,4.0,8 out of 10,I have been using Arcsite for about 3 years to manage all our drawings.,Ease of use. Multiple users can edit at the same time. ,The ability for multiple people to share and merge drawings. We can have three or four people at a time on one drawing changing things and when you upload they merge seemlessly. Occasionally they will fail to merge but that occurs very rarely. It takes about 5 minutes with the app to be able to functional use it. I do admit I don't know all the features but I don't have a need for them with how we use the app.,"Once in a while drawings will fail to upload correctly. When have had situations in the past where you have edited a drawing for 30 minutes and attempt to upload. Come back 20 minutes later and find out not only did it fail to upload but reverted back to your unedited drawing. I believe this issue has been addressed, as it hasn't happened in awhile. Also, be careful when you are in a area with a poor cell signal or internet connection. This can slow everything down significantly.","",,,"",""
05/22/2018,Capterra,text,ArcSite,Devin S,Estimator ,"Building materials, 51-200 employees",Less than 12 months,5.0,5.0,5.0,4.0,3.0,8 out of 10,mostly pleased with the customer support and ease of use.,communication with customers has become more efficient because now i can show them a detailed drawing.,I like that files can be stored online with the cloud. I also like the ability to create custom shapes. The customer support is great as well. ,It is an independent program meaning it does not incorporate any other software such as Excel Sheets. Also it has little automation meaning it can show demension's but it can not total the cumulative dimensions.  There is not much integration of Formula calculations. ,"",,,"",""
05/22/2018,Capterra,text,ArcSite,Steve G,Lead Account manager,Unspecified,Less than 12 months,4.0,5.0,5.0,4.0,4.0,,It has given me a complete tool to use in the field with clients. ,"","I like that I have forms, drawings and photos all in one place, and to be able to scale all of these has been a real life saver. ",I wish my forms were tied to a project and not a drawing.  I also which that when I altered a form that it didn't alter all my previous reports.  ,"",,,"",""
05/22/2018,Capterra,text,ArcSite,Troy R,Sales Engineer,"Construction, 51-200 employees",Less than 2 years,5.0,4.0,5.0,4.0,5.0,9 out of 10,I love it! I have never used CAD before but this app is so simple I feel like anyone can learn it.,Not having to buy a AutoCAD software.,Ease of use and learning with training videos on how to do certain things within the app.  I can quickly draw up a building  no matter how big or small.  The support team is amazing.  They will answer questions same day and will even take your feedback and implement it within the app sometimes.,"At one point there was a glitch in one of my drawings that caused the walls to move, but after an app update, it fixed the problem.  I told their support team and they got on it right away.","",,,"",""
05/22/2018,Capterra,text,ArcSite,Sarah W,Insurance Inspector and Underwriter,"Insurance, 11-50 employees",Less than 2 years,5.0,5.0,5.0,5.0,5.0,10 out of 10,ArcSite is a great tool for property inspections!,This software has been a great tool for us in home insurance inspections!  We start with an aerial photo from Google Maps and are able to incorporate drawings and photos to effectively tell the story of the property. ,The best part about this software is the customer support.  The drawing features are very easy to use.,"The only flaw I have found is that when you have the program do square footage measurements for you, it is not always accurate.  It is close, but it's best to double check the work.","",,,"",""
03/28/2018,Capterra,text,ArcSite,Jeff H,Field Supervisor,Unspecified,Less than 6 months,1.0,3.0,2.0,1.0,1.0,,Clunky software,"",Drawing shapes with the software with the recognition tool was easy to use when first starting the app.,This software is a disappointment.  It is not easy to take measures and transfer your data when and where you need it.  Needs a lot of work on the bugs.  The app crashes a lot.  It's not good to use for to collaborate important data with your team.  I would look into a better app like plan grid.,"",,,"",""
03/02/2017,Capterra,text,ArcSite,jay v,"",Unspecified,Unspecified,5.0,5.0,5.0,5.0,5.0,10 out of 10,By far the best diagramming app,"It's super easy to learn, super easy to use, and in fact it's fun to work on.  It has all the tools you need to start drawing out a rough idea and then quickly take it all the way up to finished drawing.  It has a free trial, so just try it.","","","",,,"",""
02/09/2017,Capterra,text,ArcSite,Jim C,CEO ,"Construction, 11-50 employees",Less than 12 months,5.0,5.0,5.0,5.0,5.0,10 out of 10,BY far the best CAD tool for iPad,Arcsite is exaclty what I needed for on the job cad drawings. It's incredibly easy to use and powerful. I can actually share my drawings with my team while I'm on the job. ,Ease of use. My entire team can use it while on the job ,"",It's great for large and small teams,,,"",""
